season,team,loc,games
2003-04,ATL,Away,41
2003-04,ATL,Home,41
2003-04,BKN,Away,41
2003-04,BKN,Home,41
2003-04,BOS,Away,41
2003-04,BOS,Home,41
2003-04,CHI,Away,41
2003-04,CHI,Home,41
2003-04,CLE,Away,41
2003-04,CLE,Home,41
2003-04,DAL,Away,41
2003-04,DAL,Home,41
2003-04,DEN,Away,41
2003-04,DEN,Home,41
2003-04,DET,Away,41
2003-04,DET,Home,41
2003-04,GSW,Away,41
2003-04,GSW,Home,41
2003-04,HOU,Away,41
2003-04,HOU,Home,41
2003-04,IND,Away,41
2003-04,IND,Home,41
2003-04,LAC,Away,41
2003-04,LAC,Home,41
2003-04,LAL,Away,41
2003-04,LAL,Home,41
2003-04,MEM,Away,41
2003-04,MEM,Home,41
2003-04,MIA,Away,41
2003-04,MIA,Home,41
2003-04,MIL,Away,41
2003-04,MIL,Home,41
2003-04,MIN,Away,41
2003-04,MIN,Home,41
2003-04,NOP,Away,41
2003-04,NOP,Home,41
2003-04,NYK,Away,41
2003-04,NYK,Home,41
2003-04,OKC,Away,41
2003-04,OKC,Home,41
2003-04,ORL,Away,41
2003-04,ORL,Home,41
2003-04,PHI,Away,41
2003-04,PHI,Home,41
2003-04,PHX,Away,41
2003-04,PHX,Home,41
2003-04,POR,Away,41
2003-04,POR,Home,41
2003-04,SAC,Away,41
2003-04,SAC,Home,41
2003-04,SAS,Away,41
2003-04,SAS,Home,41
2003-04,TOR,Away,41
2003-04,TOR,Home,41
2003-04,UTA,Away,41
2003-04,UTA,Home,41
2003-04,WAS,Away,41
2003-04,WAS,Home,41
2004-05,ATL,Away,41
2004-05,ATL,Home,41
2004-05,BKN,Away,41
2004-05,BKN,Home,41
2004-05,BOS,Away,41
2004-05,BOS,Home,41
2004-05,CHA,Away,41
2004-05,CHA,Home,41
2004-05,CHI,Away,41
2004-05,CHI,Home,41
2004-05,CLE,Away,41
2004-05,CLE,Home,41
2004-05,DAL,Away,41
2004-05,DAL,Home,41
2004-05,DEN,Away,41
2004-05,DEN,Home,41
2004-05,DET,Away,41
2004-05,DET,Home,41
2004-05,GSW,Away,41
2004-05,GSW,Home,41
2004-05,HOU,Away,41
2004-05,HOU,Home,41
2004-05,IND,Away,41
2004-05,IND,Home,41
2004-05,LAC,Away,41
2004-05,LAC,Home,41
2004-05,LAL,Away,41
2004-05,LAL,Home,41
2004-05,MEM,Away,41
2004-05,MEM,Home,41
2004-05,MIA,Away,41
2004-05,MIA,Home,41
2004-05,MIL,Away,41
2004-05,MIL,Home,41
2004-05,MIN,Away,41
2004-05,MIN,Home,41
2004-05,NOP,Away,41
2004-05,NOP,Home,41
2004-05,NYK,Away,41
2004-05,NYK,Home,41
2004-05,OKC,Away,41
2004-05,OKC,Home,41
2004-05,ORL,Away,41
2004-05,ORL,Home,41
2004-05,PHI,Away,41
2004-05,PHI,Home,41
2004-05,PHX,Away,41
2004-05,PHX,Home,41
2004-05,POR,Away,41
2004-05,POR,Home,41
2004-05,SAC,Away,41
2004-05,SAC,Home,41
2004-05,SAS,Away,41
2004-05,SAS,Home,41
2004-05,TOR,Away,41
2004-05,TOR,Home,41
2004-05,UTA,Away,41
2004-05,UTA,Home,41
2004-05,WAS,Away,41
2004-05,WAS,Home,41
2005-06,ATL,Away,41
2005-06,ATL,Home,41
2005-06,BKN,Away,41
2005-06,BKN,Home,41
2005-06,BOS,Away,41
2005-06,BOS,Home,41
2005-06,CHA,Away,41
2005-06,CHA,Home,41
2005-06,CHI,Away,41
2005-06,CHI,Home,41
2005-06,CLE,Away,41
2005-06,CLE,Home,41
2005-06,DAL,Away,41
2005-06,DAL,Home,41
2005-06,DEN,Away,41
2005-06,DEN,Home,41
2005-06,DET,Away,41
2005-06,DET,Home,41
2005-06,GSW,Away,41
2005-06,GSW,Home,41
2005-06,HOU,Away,41
2005-06,HOU,Home,41
2005-06,IND,Away,41
2005-06,IND,Home,41
2005-06,LAC,Away,41
2005-06,LAC,Home,41
2005-06,LAL,Away,41
2005-06,LAL,Home,41
2005-06,MEM,Away,41
2005-06,MEM,Home,41
2005-06,MIA,Away,41
2005-06,MIA,Home,41
2005-06,MIL,Away,41
2005-06,MIL,Home,41
2005-06,MIN,Away,41
2005-06,MIN,Home,41
2005-06,NOP,Away,41
2005-06,NOP,Home,41
2005-06,NYK,Away,41
2005-06,NYK,Home,41
2005-06,OKC,Away,41
2005-06,OKC,Home,41
2005-06,ORL,Away,41
2005-06,ORL,Home,41
2005-06,PHI,Away,41
2005-06,PHI,Home,41
2005-06,PHX,Away,41
2005-06,PHX,Home,41
2005-06,POR,Away,41
2005-06,POR,Home,41
2005-06,SAC,Away,41
2005-06,SAC,Home,41
2005-06,SAS,Away,41
2005-06,SAS,Home,41
2005-06,TOR,Away,41
2005-06,TOR,Home,41
2005-06,UTA,Away,41
2005-06,UTA,Home,41
2005-06,WAS,Away,41
2005-06,WAS,Home,41
2006-07,ATL,Away,41
2006-07,ATL,Home,41
2006-07,BKN,Away,41
2006-07,BKN,Home,41
2006-07,BOS,Away,41
2006-07,BOS,Home,41
2006-07,CHA,Away,41
2006-07,CHA,Home,41
2006-07,CHI,Away,41
2006-07,CHI,Home,41
2006-07,CLE,Away,41
2006-07,CLE,Home,41
2006-07,DAL,Away,41
2006-07,DAL,Home,41
2006-07,DEN,Away,41
2006-07,DEN,Home,41
2006-07,DET,Away,41
2006-07,DET,Home,41
2006-07,GSW,Away,41
2006-07,GSW,Home,41
2006-07,HOU,Away,41
2006-07,HOU,Home,41
2006-07,IND,Away,41
2006-07,IND,Home,41
2006-07,LAC,Away,41
2006-07,LAC,Home,41
2006-07,LAL,Away,41
2006-07,LAL,Home,41
2006-07,MEM,Away,41
2006-07,MEM,Home,41
2006-07,MIA,Away,41
2006-07,MIA,Home,41
2006-07,MIL,Away,41
2006-07,MIL,Home,41
2006-07,MIN,Away,41
2006-07,MIN,Home,41
2006-07,NOP,Away,41
2006-07,NOP,Home,41
2006-07,NYK,Away,41
2006-07,NYK,Home,41
2006-07,OKC,Away,41
2006-07,OKC,Home,41
2006-07,ORL,Away,41
2006-07,ORL,Home,41
2006-07,PHI,Away,41
2006-07,PHI,Home,41
2006-07,PHX,Away,41
2006-07,PHX,Home,41
2006-07,POR,Away,41
2006-07,POR,Home,41
2006-07,SAC,Away,41
2006-07,SAC,Home,41
2006-07,SAS,Away,41
2006-07,SAS,Home,41
2006-07,TOR,Away,41
2006-07,TOR,Home,41
2006-07,UTA,Away,41
2006-07,UTA,Home,41
2006-07,WAS,Away,41
2006-07,WAS,Home,41
2007-08,ATL,Away,41
2007-08,ATL,Home,41
2007-08,BKN,Away,41
2007-08,BKN,Home,41
2007-08,BOS,Away,41
2007-08,BOS,Home,41
2007-08,CHA,Away,41
2007-08,CHA,Home,41
2007-08,CHI,Away,41
2007-08,CHI,Home,41
2007-08,CLE,Away,41
2007-08,CLE,Home,41
2007-08,DAL,Away,41
2007-08,DAL,Home,41
2007-08,DEN,Away,41
2007-08,DEN,Home,41
2007-08,DET,Away,41
2007-08,DET,Home,41
2007-08,GSW,Away,41
2007-08,GSW,Home,41
2007-08,HOU,Away,41
2007-08,HOU,Home,41
2007-08,IND,Away,41
2007-08,IND,Home,41
2007-08,LAC,Away,41
2007-08,LAC,Home,41
2007-08,LAL,Away,41
2007-08,LAL,Home,41
2007-08,MEM,Away,41
2007-08,MEM,Home,41
2007-08,MIA,Away,41
2007-08,MIA,Home,41
2007-08,MIL,Away,41
2007-08,MIL,Home,41
2007-08,MIN,Away,41
2007-08,MIN,Home,41
2007-08,NOP,Away,41
2007-08,NOP,Home,41
2007-08,NYK,Away,41
2007-08,NYK,Home,41
2007-08,OKC,Away,41
2007-08,OKC,Home,41
2007-08,ORL,Away,41
2007-08,ORL,Home,41
2007-08,PHI,Away,41
2007-08,PHI,Home,41
2007-08,PHX,Away,41
2007-08,PHX,Home,41
2007-08,POR,Away,41
2007-08,POR,Home,41
2007-08,SAC,Away,41
2007-08,SAC,Home,41
2007-08,SAS,Away,41
2007-08,SAS,Home,41
2007-08,TOR,Away,41
2007-08,TOR,Home,41
2007-08,UTA,Away,41
2007-08,UTA,Home,41
2007-08,WAS,Away,41
2007-08,WAS,Home,41
2008-09,ATL,Away,41
2008-09,ATL,Home,41
2008-09,BKN,Away,41
2008-09,BKN,Home,41
2008-09,BOS,Away,41
2008-09,BOS,Home,41
2008-09,CHA,Away,41
2008-09,CHA,Home,41
2008-09,CHI,Away,41
2008-09,CHI,Home,41
2008-09,CLE,Away,41
2008-09,CLE,Home,41
2008-09,DAL,Away,41
2008-09,DAL,Home,41
2008-09,DEN,Away,41
2008-09,DEN,Home,41
2008-09,DET,Away,41
2008-09,DET,Home,41
2008-09,GSW,Away,41
2008-09,GSW,Home,41
2008-09,HOU,Away,41
2008-09,HOU,Home,41
2008-09,IND,Away,41
2008-09,IND,Home,41
2008-09,LAC,Away,41
2008-09,LAC,Home,41
2008-09,LAL,Away,41
2008-09,LAL,Home,41
2008-09,MEM,Away,41
2008-09,MEM,Home,41
2008-09,MIA,Away,41
2008-09,MIA,Home,41
2008-09,MIL,Away,41
2008-09,MIL,Home,41
2008-09,MIN,Away,41
2008-09,MIN,Home,41
2008-09,NOP,Away,41
2008-09,NOP,Home,41
2008-09,NYK,Away,41
2008-09,NYK,Home,41
2008-09,OKC,Away,41
2008-09,OKC,Home,41
2008-09,ORL,Away,41
2008-09,ORL,Home,41
2008-09,PHI,Away,41
2008-09,PHI,Home,41
2008-09,PHX,Away,41
2008-09,PHX,Home,41
2008-09,POR,Away,41
2008-09,POR,Home,41
2008-09,SAC,Away,41
2008-09,SAC,Home,41
2008-09,SAS,Away,41
2008-09,SAS,Home,41
2008-09,TOR,Away,41
2008-09,TOR,Home,41
2008-09,UTA,Away,41
2008-09,UTA,Home,41
2008-09,WAS,Away,41
2008-09,WAS,Home,41
2009-10,ATL,Away,41
2009-10,ATL,Home,41
2009-10,BKN,Away,41
2009-10,BKN,Home,41
2009-10,BOS,Away,41
2009-10,BOS,Home,41
2009-10,CHA,Away,41
2009-10,CHA,Home,41
2009-10,CHI,Away,41
2009-10,CHI,Home,41
2009-10,CLE,Away,41
2009-10,CLE,Home,41
2009-10,DAL,Away,41
2009-10,DAL,Home,41
2009-10,DEN,Away,41
2009-10,DEN,Home,41
2009-10,DET,Away,41
2009-10,DET,Home,41
2009-10,GSW,Away,41
2009-10,GSW,Home,41
2009-10,HOU,Away,41
2009-10,HOU,Home,41
2009-10,IND,Away,41
2009-10,IND,Home,41
2009-10,LAC,Away,41
2009-10,LAC,Home,41
2009-10,LAL,Away,41
2009-10,LAL,Home,41
2009-10,MEM,Away,41
2009-10,MEM,Home,41
2009-10,MIA,Away,41
2009-10,MIA,Home,41
2009-10,MIL,Away,41
2009-10,MIL,Home,41
2009-10,MIN,Away,41
2009-10,MIN,Home,41
2009-10,NOP,Away,41
2009-10,NOP,Home,41
2009-10,NYK,Away,41
2009-10,NYK,Home,41
2009-10,OKC,Away,41
2009-10,OKC,Home,41
2009-10,ORL,Away,41
2009-10,ORL,Home,41
2009-10,PHI,Away,41
2009-10,PHI,Home,41
2009-10,PHX,Away,41
2009-10,PHX,Home,41
2009-10,POR,Away,41
2009-10,POR,Home,41
2009-10,SAC,Away,41
2009-10,SAC,Home,41
2009-10,SAS,Away,41
2009-10,SAS,Home,41
2009-10,TOR,Away,41
2009-10,TOR,Home,41
2009-10,UTA,Away,41
2009-10,UTA,Home,41
2009-10,WAS,Away,41
2009-10,WAS,Home,41
2010-11,ATL,Away,41
2010-11,ATL,Home,41
2010-11,BKN,Away,41
2010-11,BKN,Home,41
2010-11,BOS,Away,41
2010-11,BOS,Home,41
2010-11,CHA,Away,41
2010-11,CHA,Home,41
2010-11,CHI,Away,41
2010-11,CHI,Home,41
2010-11,CLE,Away,41
2010-11,CLE,Home,41
2010-11,DAL,Away,41
2010-11,DAL,Home,41
2010-11,DEN,Away,41
2010-11,DEN,Home,41
2010-11,DET,Away,41
2010-11,DET,Home,41
2010-11,GSW,Away,41
2010-11,GSW,Home,41
2010-11,HOU,Away,41
2010-11,HOU,Home,41
2010-11,IND,Away,41
2010-11,IND,Home,41
2010-11,LAC,Away,41
2010-11,LAC,Home,41
2010-11,LAL,Away,41
2010-11,LAL,Home,41
2010-11,MEM,Away,41
2010-11,MEM,Home,41
2010-11,MIA,Away,41
2010-11,MIA,Home,41
2010-11,MIL,Away,41
2010-11,MIL,Home,41
2010-11,MIN,Away,41
2010-11,MIN,Home,41
2010-11,NOP,Away,41
2010-11,NOP,Home,41
2010-11,NYK,Away,41
2010-11,NYK,Home,41
2010-11,OKC,Away,41
2010-11,OKC,Home,41
2010-11,ORL,Away,41
2010-11,ORL,Home,41
2010-11,PHI,Away,41
2010-11,PHI,Home,41
2010-11,PHX,Away,41
2010-11,PHX,Home,41
2010-11,POR,Away,41
2010-11,POR,Home,41
2010-11,SAC,Away,41
2010-11,SAC,Home,41
2010-11,SAS,Away,41
2010-11,SAS,Home,41
2010-11,TOR,Away,41
2010-11,TOR,Home,41
2010-11,UTA,Away,41
2010-11,UTA,Home,41
2010-11,WAS,Away,41
2010-11,WAS,Home,41
2011-12,ATL,Away,33
2011-12,ATL,Home,33
2011-12,BKN,Away,33
2011-12,BKN,Home,33
2011-12,BOS,Away,33
2011-12,BOS,Home,33
2011-12,CHA,Away,33
2011-12,CHA,Home,33
2011-12,CHI,Away,33
2011-12,CHI,Home,33
2011-12,CLE,Away,33
2011-12,CLE,Home,33
2011-12,DAL,Away,33
2011-12,DAL,Home,33
2011-12,DEN,Away,33
2011-12,DEN,Home,33
2011-12,DET,Away,33
2011-12,DET,Home,33
2011-12,GSW,Away,33
2011-12,GSW,Home,33
2011-12,HOU,Away,33
2011-12,HOU,Home,33
2011-12,IND,Away,33
2011-12,IND,Home,33
2011-12,LAC,Away,33
2011-12,LAC,Home,33
2011-12,LAL,Away,33
2011-12,LAL,Home,33
2011-12,MEM,Away,33
2011-12,MEM,Home,33
2011-12,MIA,Away,33
2011-12,MIA,Home,33
2011-12,MIL,Away,33
2011-12,MIL,Home,33
2011-12,MIN,Away,33
2011-12,MIN,Home,33
2011-12,NOP,Away,33
2011-12,NOP,Home,33
2011-12,NYK,Away,33
2011-12,NYK,Home,33
2011-12,OKC,Away,33
2011-12,OKC,Home,33
2011-12,ORL,Away,33
2011-12,ORL,Home,33
2011-12,PHI,Away,33
2011-12,PHI,Home,33
2011-12,PHX,Away,33
2011-12,PHX,Home,33
2011-12,POR,Away,33
2011-12,POR,Home,33
2011-12,SAC,Away,33
2011-12,SAC,Home,33
2011-12,SAS,Away,33
2011-12,SAS,Home,33
2011-12,TOR,Away,33
2011-12,TOR,Home,33
2011-12,UTA,Away,33
2011-12,UTA,Home,33
2011-12,WAS,Away,33
2011-12,WAS,Home,33
2012-13,ATL,Away,41
2012-13,ATL,Home,41
2012-13,BKN,Away,41
2012-13,BKN,Home,41
2012-13,BOS,Away,41
2012-13,BOS,Home,40
2012-13,CHA,Away,41
2012-13,CHA,Home,41
2012-13,CHI,Away,41
2012-13,CHI,Home,41
2012-13,CLE,Away,41
2012-13,CLE,Home,41
2012-13,DAL,Away,41
2012-13,DAL,Home,41
2012-13,DEN,Away,41
2012-13,DEN,Home,41
2012-13,DET,Away,41
2012-13,DET,Home,41
2012-13,GSW,Away,41
2012-13,GSW,Home,41
2012-13,HOU,Away,41
2012-13,HOU,Home,41
2012-13,IND,Away,40
2012-13,IND,Home,41
2012-13,LAC,Away,41
2012-13,LAC,Home,41
2012-13,LAL,Away,41
2012-13,LAL,Home,41
2012-13,MEM,Away,41
2012-13,MEM,Home,41
2012-13,MIA,Away,41
2012-13,MIA,Home,41
2012-13,MIL,Away,41
2012-13,MIL,Home,41
2012-13,MIN,Away,41
2012-13,MIN,Home,41
2012-13,NOP,Away,41
2012-13,NOP,Home,41
2012-13,NYK,Away,41
2012-13,NYK,Home,41
2012-13,OKC,Away,41
2012-13,OKC,Home,41
2012-13,ORL,Away,41
2012-13,ORL,Home,41
2012-13,PHI,Away,41
2012-13,PHI,Home,41
2012-13,PHX,Away,41
2012-13,PHX,Home,41
2012-13,POR,Away,41
2012-13,POR,Home,41
2012-13,SAC,Away,41
2012-13,SAC,Home,41
2012-13,SAS,Away,41
2012-13,SAS,Home,41
2012-13,TOR,Away,41
2012-13,TOR,Home,41
2012-13,UTA,Away,41
2012-13,UTA,Home,41
2012-13,WAS,Away,41
2012-13,WAS,Home,41
2013-14,ATL,Away,41
2013-14,ATL,Home,41
2013-14,BKN,Away,41
2013-14,BKN,Home,41
2013-14,BOS,Away,41
2013-14,BOS,Home,41
2013-14,CHA,Away,41
2013-14,CHA,Home,41
2013-14,CHI,Away,41
2013-14,CHI,Home,41
2013-14,CLE,Away,41
2013-14,CLE,Home,41
2013-14,DAL,Away,41
2013-14,DAL,Home,41
2013-14,DEN,Away,41
2013-14,DEN,Home,41
2013-14,DET,Away,41
2013-14,DET,Home,41
2013-14,GSW,Away,41
2013-14,GSW,Home,41
2013-14,HOU,Away,41
2013-14,HOU,Home,41
2013-14,IND,Away,41
2013-14,IND,Home,41
2013-14,LAC,Away,41
2013-14,LAC,Home,41
2013-14,LAL,Away,41
2013-14,LAL,Home,41
2013-14,MEM,Away,41
2013-14,MEM,Home,41
2013-14,MIA,Away,41
2013-14,MIA,Home,41
2013-14,MIL,Away,41
2013-14,MIL,Home,41
2013-14,MIN,Away,41
2013-14,MIN,Home,41
2013-14,NOP,Away,41
2013-14,NOP,Home,41
2013-14,NYK,Away,41
2013-14,NYK,Home,41
2013-14,OKC,Away,41
2013-14,OKC,Home,41
2013-14,ORL,Away,41
2013-14,ORL,Home,41
2013-14,PHI,Away,41
2013-14,PHI,Home,41
2013-14,PHX,Away,41
2013-14,PHX,Home,41
2013-14,POR,Away,41
2013-14,POR,Home,41
2013-14,SAC,Away,41
2013-14,SAC,Home,41
2013-14,SAS,Away,41
2013-14,SAS,Home,41
2013-14,TOR,Away,41
2013-14,TOR,Home,41
2013-14,UTA,Away,41
2013-14,UTA,Home,41
2013-14,WAS,Away,41
2013-14,WAS,Home,41
2014-15,ATL,Away,41
2014-15,ATL,Home,41
2014-15,BKN,Away,41
2014-15,BKN,Home,41
2014-15,BOS,Away,41
2014-15,BOS,Home,41
2014-15,CHA,Away,41
2014-15,CHA,Home,41
2014-15,CHI,Away,41
2014-15,CHI,Home,41
2014-15,CLE,Away,41
2014-15,CLE,Home,41
2014-15,DAL,Away,41
2014-15,DAL,Home,41
2014-15,DEN,Away,41
2014-15,DEN,Home,41
2014-15,DET,Away,41
2014-15,DET,Home,41
2014-15,GSW,Away,41
2014-15,GSW,Home,41
2014-15,HOU,Away,41
2014-15,HOU,Home,41
2014-15,IND,Away,41
2014-15,IND,Home,41
2014-15,LAC,Away,41
2014-15,LAC,Home,41
2014-15,LAL,Away,41
2014-15,LAL,Home,41
2014-15,MEM,Away,41
2014-15,MEM,Home,41
2014-15,MIA,Away,41
2014-15,MIA,Home,41
2014-15,MIL,Away,41
2014-15,MIL,Home,41
2014-15,MIN,Away,41
2014-15,MIN,Home,41
2014-15,NOP,Away,41
2014-15,NOP,Home,41
2014-15,NYK,Away,41
2014-15,NYK,Home,41
2014-15,OKC,Away,41
2014-15,OKC,Home,41
2014-15,ORL,Away,41
2014-15,ORL,Home,41
2014-15,PHI,Away,41
2014-15,PHI,Home,41
2014-15,PHX,Away,41
2014-15,PHX,Home,41
2014-15,POR,Away,41
2014-15,POR,Home,41
2014-15,SAC,Away,41
2014-15,SAC,Home,41
2014-15,SAS,Away,41
2014-15,SAS,Home,41
2014-15,TOR,Away,41
2014-15,TOR,Home,41
2014-15,UTA,Away,41
2014-15,UTA,Home,41
2014-15,WAS,Away,41
2014-15,WAS,Home,41
2015-16,ATL,Away,41
2015-16,ATL,Home,41
2015-16,BKN,Away,41
2015-16,BKN,Home,41
2015-16,BOS,Away,41
2015-16,BOS,Home,41
2015-16,CHA,Away,41
2015-16,CHA,Home,41
2015-16,CHI,Away,41
2015-16,CHI,Home,41
2015-16,CLE,Away,41
2015-16,CLE,Home,41
2015-16,DAL,Away,41
2015-16,DAL,Home,41
2015-16,DEN,Away,41
2015-16,DEN,Home,41
2015-16,DET,Away,41
2015-16,DET,Home,41
2015-16,GSW,Away,41
2015-16,GSW,Home,41
2015-16,HOU,Away,41
2015-16,HOU,Home,41
2015-16,IND,Away,41
2015-16,IND,Home,41
2015-16,LAC,Away,41
2015-16,LAC,Home,41
2015-16,LAL,Away,41
2015-16,LAL,Home,41
2015-16,MEM,Away,41
2015-16,MEM,Home,41
2015-16,MIA,Away,41
2015-16,MIA,Home,41
2015-16,MIL,Away,41
2015-16,MIL,Home,41
2015-16,MIN,Away,41
2015-16,MIN,Home,41
2015-16,NOP,Away,41
2015-16,NOP,Home,41
2015-16,NYK,Away,41
2015-16,NYK,Home,41
2015-16,OKC,Away,41
2015-16,OKC,Home,41
2015-16,ORL,Away,41
2015-16,ORL,Home,41
2015-16,PHI,Away,41
2015-16,PHI,Home,41
2015-16,PHX,Away,41
2015-16,PHX,Home,41
2015-16,POR,Away,41
2015-16,POR,Home,41
2015-16,SAC,Away,41
2015-16,SAC,Home,41
2015-16,SAS,Away,41
2015-16,SAS,Home,41
2015-16,TOR,Away,41
2015-16,TOR,Home,41
2015-16,UTA,Away,41
2015-16,UTA,Home,41
2015-16,WAS,Away,41
2015-16,WAS,Home,41
2016-17,ATL,Away,41
2016-17,ATL,Home,41
2016-17,BKN,Away,41
2016-17,BKN,Home,41
2016-17,BOS,Away,41
2016-17,BOS,Home,41
2016-17,CHA,Away,41
2016-17,CHA,Home,41
2016-17,CHI,Away,41
2016-17,CHI,Home,41
2016-17,CLE,Away,41
2016-17,CLE,Home,41
2016-17,DAL,Away,41
2016-17,DAL,Home,41
2016-17,DEN,Away,41
2016-17,DEN,Home,41
2016-17,DET,Away,41
2016-17,DET,Home,41
2016-17,GSW,Away,41
2016-17,GSW,Home,41
2016-17,HOU,Away,41
2016-17,HOU,Home,41
2016-17,IND,Away,41
2016-17,IND,Home,41
2016-17,LAC,Away,41
2016-17,LAC,Home,41
2016-17,LAL,Away,41
2016-17,LAL,Home,41
2016-17,MEM,Away,41
2016-17,MEM,Home,41
2016-17,MIA,Away,41
2016-17,MIA,Home,41
2016-17,MIL,Away,41
2016-17,MIL,Home,41
2016-17,MIN,Away,41
2016-17,MIN,Home,41
2016-17,NOP,Away,41
2016-17,NOP,Home,41
2016-17,NYK,Away,41
2016-17,NYK,Home,41
2016-17,OKC,Away,41
2016-17,OKC,Home,41
2016-17,ORL,Away,41
2016-17,ORL,Home,41
2016-17,PHI,Away,41
2016-17,PHI,Home,41
2016-17,PHX,Away,41
2016-17,PHX,Home,41
2016-17,POR,Away,41
2016-17,POR,Home,41
2016-17,SAC,Away,41
2016-17,SAC,Home,41
2016-17,SAS,Away,41
2016-17,SAS,Home,41
2016-17,TOR,Away,41
2016-17,TOR,Home,41
2016-17,UTA,Away,41
2016-17,UTA,Home,41
2016-17,WAS,Away,41
2016-17,WAS,Home,41
2017-18,ATL,Away,41
2017-18,ATL,Home,41
2017-18,BKN,Away,41
2017-18,BKN,Home,41
2017-18,BOS,Away,41
2017-18,BOS,Home,41
2017-18,CHA,Away,41
2017-18,CHA,Home,41
2017-18,CHI,Away,41
2017-18,CHI,Home,41
2017-18,CLE,Away,41
2017-18,CLE,Home,41
2017-18,DAL,Away,41
2017-18,DAL,Home,41
2017-18,DEN,Away,41
2017-18,DEN,Home,41
2017-18,DET,Away,41
2017-18,DET,Home,41
2017-18,GSW,Away,41
2017-18,GSW,Home,41
2017-18,HOU,Away,41
2017-18,HOU,Home,41
2017-18,IND,Away,41
2017-18,IND,Home,41
2017-18,LAC,Away,41
2017-18,LAC,Home,41
2017-18,LAL,Away,41
2017-18,LAL,Home,41
2017-18,MEM,Away,41
2017-18,MEM,Home,41
2017-18,MIA,Away,41
2017-18,MIA,Home,41
2017-18,MIL,Away,41
2017-18,MIL,Home,41
2017-18,MIN,Away,41
2017-18,MIN,Home,41
2017-18,NOP,Away,41
2017-18,NOP,Home,41
2017-18,NYK,Away,41
2017-18,NYK,Home,41
2017-18,OKC,Away,41
2017-18,OKC,Home,41
2017-18,ORL,Away,41
2017-18,ORL,Home,41
2017-18,PHI,Away,41
2017-18,PHI,Home,41
2017-18,PHX,Away,41
2017-18,PHX,Home,41
2017-18,POR,Away,41
2017-18,POR,Home,41
2017-18,SAC,Away,41
2017-18,SAC,Home,41
2017-18,SAS,Away,41
2017-18,SAS,Home,41
2017-18,TOR,Away,41
2017-18,TOR,Home,41
2017-18,UTA,Away,41
2017-18,UTA,Home,41
2017-18,WAS,Away,41
2017-18,WAS,Home,41
2018-19,ATL,Away,41
2018-19,ATL,Home,41
2018-19,BKN,Away,41
2018-19,BKN,Home,41
2018-19,BOS,Away,41
2018-19,BOS,Home,41
2018-19,CHA,Away,41
2018-19,CHA,Home,41
2018-19,CHI,Away,41
2018-19,CHI,Home,41
2018-19,CLE,Away,41
2018-19,CLE,Home,41
2018-19,DAL,Away,41
2018-19,DAL,Home,41
2018-19,DEN,Away,41
2018-19,DEN,Home,41
2018-19,DET,Away,41
2018-19,DET,Home,41
2018-19,GSW,Away,41
2018-19,GSW,Home,41
2018-19,HOU,Away,41
2018-19,HOU,Home,41
2018-19,IND,Away,41
2018-19,IND,Home,41
2018-19,LAC,Away,41
2018-19,LAC,Home,41
2018-19,LAL,Away,41
2018-19,LAL,Home,41
2018-19,MEM,Away,41
2018-19,MEM,Home,41
2018-19,MIA,Away,41
2018-19,MIA,Home,41
2018-19,MIL,Away,41
2018-19,MIL,Home,41
2018-19,MIN,Away,41
2018-19,MIN,Home,41
2018-19,NOP,Away,41
2018-19,NOP,Home,41
2018-19,NYK,Away,41
2018-19,NYK,Home,41
2018-19,OKC,Away,41
2018-19,OKC,Home,41
2018-19,ORL,Away,41
2018-19,ORL,Home,41
2018-19,PHI,Away,41
2018-19,PHI,Home,41
2018-19,PHX,Away,41
2018-19,PHX,Home,41
2018-19,POR,Away,41
2018-19,POR,Home,41
2018-19,SAC,Away,41
2018-19,SAC,Home,41
2018-19,SAS,Away,41
2018-19,SAS,Home,41
2018-19,TOR,Away,41
2018-19,TOR,Home,41
2018-19,UTA,Away,41
2018-19,UTA,Home,41
2018-19,WAS,Away,41
2018-19,WAS,Home,41
2019-20,ATL,Away,33
2019-20,ATL,Home,34
2019-20,BKN,Away,36
2019-20,BKN,Home,36
2019-20,BOS,Away,36
2019-20,BOS,Home,36
2019-20,CHA,Away,34
2019-20,CHA,Home,31
2019-20,CHI,Away,31
2019-20,CHI,Home,34
2019-20,CLE,Away,29
2019-20,CLE,Home,36
2019-20,DAL,Away,37
2019-20,DAL,Home,38
2019-20,DEN,Away,36
2019-20,DEN,Home,37
2019-20,DET,Away,33
2019-20,DET,Home,33
2019-20,GSW,Away,31
2019-20,GSW,Home,34
2019-20,HOU,Away,36
2019-20,HOU,Home,36
2019-20,IND,Away,37
2019-20,IND,Home,36
2019-20,LAC,Away,36
2019-20,LAC,Home,36
2019-20,LAL,Away,36
2019-20,LAL,Home,35
2019-20,MEM,Away,36
2019-20,MEM,Home,37
2019-20,MIA,Away,37
2019-20,MIA,Home,36
2019-20,MIL,Away,38
2019-20,MIL,Home,35
2019-20,MIN,Away,32
2019-20,MIN,Home,32
2019-20,NOP,Away,36
2019-20,NOP,Home,36
2019-20,NYK,Away,33
2019-20,NYK,Home,33
2019-20,OKC,Away,35
2019-20,OKC,Home,37
2019-20,ORL,Away,38
2019-20,ORL,Home,35
2019-20,PHI,Away,38
2019-20,PHI,Home,35
2019-20,PHX,Away,34
2019-20,PHX,Home,39
2019-20,POR,Away,38
2019-20,POR,Home,36
2019-20,SAC,Away,37
2019-20,SAC,Home,35
2019-20,SAS,Away,37
2019-20,SAS,Home,34
2019-20,TOR,Away,36
2019-20,TOR,Home,36
2019-20,UTA,Away,37
2019-20,UTA,Home,35
2019-20,WAS,Away,36
2019-20,WAS,Home,36
2020-21,ATL,Away,36
2020-21,ATL,Home,36
2020-21,BKN,Away,36
2020-21,BKN,Home,36
2020-21,BOS,Away,36
2020-21,BOS,Home,36
2020-21,CHA,Away,36
2020-21,CHA,Home,36
2020-21,CHI,Away,36
2020-21,CHI,Home,36
2020-21,CLE,Away,36
2020-21,CLE,Home,36
2020-21,DAL,Away,36
2020-21,DAL,Home,36
2020-21,DEN,Away,36
2020-21,DEN,Home,36
2020-21,DET,Away,36
2020-21,DET,Home,36
2020-21,GSW,Away,36
2020-21,GSW,Home,36
2020-21,HOU,Away,36
2020-21,HOU,Home,36
2020-21,IND,Away,36
2020-21,IND,Home,36
2020-21,LAC,Away,36
2020-21,LAC,Home,36
2020-21,LAL,Away,36
2020-21,LAL,Home,36
2020-21,MEM,Away,36
2020-21,MEM,Home,36
2020-21,MIA,Away,36
2020-21,MIA,Home,36
2020-21,MIL,Away,36
2020-21,MIL,Home,36
2020-21,MIN,Away,36
2020-21,MIN,Home,36
2020-21,NOP,Away,36
2020-21,NOP,Home,36
2020-21,NYK,Away,36
2020-21,NYK,Home,36
2020-21,OKC,Away,36
2020-21,OKC,Home,36
2020-21,ORL,Away,36
2020-21,ORL,Home,36
2020-21,PHI,Away,36
2020-21,PHI,Home,36
2020-21,PHX,Away,36
2020-21,PHX,Home,36
2020-21,POR,Away,36
2020-21,POR,Home,36
2020-21,SAC,Away,36
2020-21,SAC,Home,36
2020-21,SAS,Away,36
2020-21,SAS,Home,36
2020-21,TOR,Away,36
2020-21,TOR,Home,36
2020-21,UTA,Away,36
2020-21,UTA,Home,36
2020-21,WAS,Away,36
2020-21,WAS,Home,36
2021-22,ATL,Away,41
2021-22,ATL,Home,41
2021-22,BKN,Away,41
2021-22,BKN,Home,41
2021-22,BOS,Away,41
2021-22,BOS,Home,41
2021-22,CHA,Away,41
2021-22,CHA,Home,41
2021-22,CHI,Away,41
2021-22,CHI,Home,41
2021-22,CLE,Away,41
2021-22,CLE,Home,41
2021-22,DAL,Away,41
2021-22,DAL,Home,41
2021-22,DEN,Away,41
2021-22,DEN,Home,41
2021-22,DET,Away,41
2021-22,DET,Home,41
2021-22,GSW,Away,41
2021-22,GSW,Home,41
2021-22,HOU,Away,41
2021-22,HOU,Home,41
2021-22,IND,Away,41
2021-22,IND,Home,41
2021-22,LAC,Away,41
2021-22,LAC,Home,41
2021-22,LAL,Away,41
2021-22,LAL,Home,41
2021-22,MEM,Away,41
2021-22,MEM,Home,41
2021-22,MIA,Away,41
2021-22,MIA,Home,41
2021-22,MIL,Away,41
2021-22,MIL,Home,41
2021-22,MIN,Away,41
2021-22,MIN,Home,41
2021-22,NOP,Away,41
2021-22,NOP,Home,41
2021-22,NYK,Away,41
2021-22,NYK,Home,41
2021-22,OKC,Away,41
2021-22,OKC,Home,41
2021-22,ORL,Away,41
2021-22,ORL,Home,41
2021-22,PHI,Away,41
2021-22,PHI,Home,41
2021-22,PHX,Away,41
2021-22,PHX,Home,41
2021-22,POR,Away,41
2021-22,POR,Home,41
2021-22,SAC,Away,41
2021-22,SAC,Home,41
2021-22,SAS,Away,41
2021-22,SAS,Home,41
2021-22,TOR,Away,41
2021-22,TOR,Home,41
2021-22,UTA,Away,41
2021-22,UTA,Home,41
2021-22,WAS,Away,41
2021-22,WAS,Home,41
2022-23,ATL,Away,41
2022-23,ATL,Home,41
2022-23,BKN,Away,41
2022-23,BKN,Home,41
2022-23,BOS,Away,41
2022-23,BOS,Home,41
2022-23,CHA,Away,41
2022-23,CHA,Home,41
2022-23,CHI,Away,41
2022-23,CHI,Home,41
2022-23,CLE,Away,41
2022-23,CLE,Home,41
2022-23,DAL,Away,41
2022-23,DAL,Home,41
2022-23,DEN,Away,41
2022-23,DEN,Home,41
2022-23,DET,Away,41
2022-23,DET,Home,41
2022-23,GSW,Away,41
2022-23,GSW,Home,41
2022-23,HOU,Away,41
2022-23,HOU,Home,41
2022-23,IND,Away,41
2022-23,IND,Home,41
2022-23,LAC,Away,41
2022-23,LAC,Home,41
2022-23,LAL,Away,41
2022-23,LAL,Home,41
2022-23,MEM,Away,41
2022-23,MEM,Home,41
2022-23,MIA,Away,41
2022-23,MIA,Home,41
2022-23,MIL,Away,41
2022-23,MIL,Home,41
2022-23,MIN,Away,41
2022-23,MIN,Home,41
2022-23,NOP,Away,41
2022-23,NOP,Home,41
2022-23,NYK,Away,41
2022-23,NYK,Home,41
2022-23,OKC,Away,41
2022-23,OKC,Home,41
2022-23,ORL,Away,41
2022-23,ORL,Home,41
2022-23,PHI,Away,41
2022-23,PHI,Home,41
2022-23,PHX,Away,41
2022-23,PHX,Home,41
2022-23,POR,Away,41
2022-23,POR,Home,41
2022-23,SAC,Away,41
2022-23,SAC,Home,41
2022-23,SAS,Away,41
2022-23,SAS,Home,41
2022-23,TOR,Away,41
2022-23,TOR,Home,41
2022-23,UTA,Away,41
2022-23,UTA,Home,41
2022-23,WAS,Away,41
2022-23,WAS,Home,41
2023-24,ATL,Away,41
2023-24,ATL,Home,41
2023-24,BKN,Away,41
2023-24,BKN,Home,41
2023-24,BOS,Away,41
2023-24,BOS,Home,41
2023-24,CHA,Away,41
2023-24,CHA,Home,41
2023-24,CHI,Away,41
2023-24,CHI,Home,41
2023-24,CLE,Away,41
2023-24,CLE,Home,41
2023-24,DAL,Away,41
2023-24,DAL,Home,41
2023-24,DEN,Away,41
2023-24,DEN,Home,41
2023-24,DET,Away,42
2023-24,DET,Home,40
2023-24,GSW,Away,41
2023-24,GSW,Home,41
2023-24,HOU,Away,41
2023-24,HOU,Home,41
2023-24,IND,Away,41
2023-24,IND,Home,41
2023-24,LAC,Away,41
2023-24,LAC,Home,41
2023-24,LAL,Away,40
2023-24,LAL,Home,42
2023-24,MEM,Away,41
2023-24,MEM,Home,41
2023-24,MIA,Away,41
2023-24,MIA,Home,41
2023-24,MIL,Away,40
2023-24,MIL,Home,42
2023-24,MIN,Away,41
2023-24,MIN,Home,41
2023-24,NOP,Away,42
2023-24,NOP,Home,40
2023-24,NYK,Away,41
2023-24,NYK,Home,41
2023-24,OKC,Away,41
2023-24,OKC,Home,41
2023-24,ORL,Away,41
2023-24,ORL,Home,41
2023-24,PHI,Away,41
2023-24,PHI,Home,41
2023-24,PHX,Away,41
2023-24,PHX,Home,41
2023-24,POR,Away,41
2023-24,POR,Home,41
2023-24,SAC,Away,41
2023-24,SAC,Home,41
2023-24,SAS,Away,41
2023-24,SAS,Home,41
2023-24,TOR,Away,41
2023-24,TOR,Home,41
2023-24,UTA,Away,41
2023-24,UTA,Home,41
2023-24,WAS,Away,41
2023-24,WAS,Home,41
2024-25,ATL,Away,42
2024-25,ATL,Home,40
2024-25,BKN,Away,41
2024-25,BKN,Home,41
2024-25,BOS,Away,41
2024-25,BOS,Home,41
2024-25,CHA,Away,41
2024-25,CHA,Home,41
2024-25,CHI,Away,41
2024-25,CHI,Home,41
2024-25,CLE,Away,41
2024-25,CLE,Home,41
2024-25,DAL,Away,42
2024-25,DAL,Home,40
2024-25,DEN,Away,41
2024-25,DEN,Home,41
2024-25,DET,Away,41
2024-25,DET,Home,41
2024-25,GSW,Away,41
2024-25,GSW,Home,41
2024-25,HOU,Away,41
2024-25,HOU,Home,41
2024-25,IND,Away,41
2024-25,IND,Home,41
2024-25,LAC,Away,41
2024-25,LAC,Home,41
2024-25,LAL,Away,41
2024-25,LAL,Home,41
2024-25,MEM,Away,41
2024-25,MEM,Home,41
2024-25,MIA,Away,41
2024-25,MIA,Home,41
2024-25,MIL,Away,40
2024-25,MIL,Home,42
2024-25,MIN,Away,41
2024-25,MIN,Home,41
2024-25,NOP,Away,41
2024-25,NOP,Home,41
2024-25,NYK,Away,41
2024-25,NYK,Home,41
2024-25,OKC,Away,40
2024-25,OKC,Home,42
2024-25,ORL,Away,41
2024-25,ORL,Home,41
2024-25,PHI,Away,41
2024-25,PHI,Home,41
2024-25,PHX,Away,41
2024-25,PHX,Home,41
2024-25,POR,Away,41
2024-25,POR,Home,41
2024-25,SAC,Away,41
2024-25,SAC,Home,41
2024-25,SAS,Away,41
2024-25,SAS,Home,41
2024-25,TOR,Away,41
2024-25,TOR,Home,41
2024-25,UTA,Away,41
2024-25,UTA,Home,41
2024-25,WAS,Away,41
2024-25,WAS,Home,41
