season,team,name_then,three_share
2003-04,OKC,Seattle SuperSonics,0.2917
2004-05,PHX,Phoenix Suns,0.2864
2005-06,PHX,Phoenix Suns,0.2916
2006-07,HOU,Houston Rockets,0.2892
2007-08,ORL,Orlando Magic,0.3199
2008-09,ORL,Orlando Magic,0.3335
2009-10,ORL,Orlando Magic,0.3481
2010-11,ORL,Orlando Magic,0.3259
2011-12,ORL,Orlando Magic,0.3448
2012-13,NYK,New York Knicks,0.3516
2013-14,HOU,Houston Rockets,0.3285
2014-15,HOU,Houston Rockets,0.3908
2015-16,HOU,Houston Rockets,0.3674
2016-17,HOU,Houston Rockets,0.4615
2017-18,HOU,Houston Rockets,0.5012
2018-19,HOU,Houston Rockets,0.5189
2019-20,HOU,Houston Rockets,0.5
2020-21,UTA,Utah Jazz,0.4873
2021-22,UTA,Utah Jazz,0.467
2022-23,DAL,Dallas Mavericks,0.4847
2023-24,BOS,Boston Celtics,0.47
2024-25,BOS,Boston Celtics,0.535
